{"width":"518","height":"292","components":[{"type":"resize_image","position":{"left":"20","top":"51","width":"190","height":"190"},"nullable":false,"imageparam":"img","lazybgmask":false,"resizemethod":"auto"},{"type":"image","nullable":false,"image":"upload_0_1539748409799.png","clip":false},{"type":"image","position":{"left":"218","top":"195","width":"280","height":"38"},"nullable":false,"image":"upload_0_1539748564994.png","clip":false},{"type":"resize_image","position":{"left":"10","top":"0","width":"74","height":"58"},"nullable":true,"imageparam":"logo","lazybgmask":false,"resizemethod":"auto"},{"type":"text","position":{"left":"230","top":"60","width":"260","height":"36"},"font":{"name":"PingFangSC-Bold","size":"36","color":"FFFFFF","delline":false},"alignment":{"vertical":"middle","horizontal":"center","maxlines":1,"inlinevertical":"middle"},"spans":[{"text":"{{.title1}}","submatch":0}]},{"type":"text","position":{"left":"222","top":"106","width":"280","height":"80"},"font":{"name":"PingFangSC-Regular","size":"24","color":"FFFFFF","delline":false},"alignment":{"vertical":"middle","horizontal":"center","maxlines":2,"inlinevertical":"middle","lineheight":"33"},"spans":[{"text":"{{.title2}}","submatch":0}]},{"type":"text","position":{"left":"220","top":"195","width":"280","height":"38"},"font":{"name":"PingFangSC-Bold","size":"24","color":"E40E85","delline":false},"alignment":{"vertical":"middle","horizontal":"center","maxlines":1,"inlinevertical":"middle"},"spans":[{"text":"{{.title3}}","submatch":0}]}],"params":[{"name":"img","cname":"商品图片","demo":"http://ms.bdimg.com/pacific/upload_0_1539692555695.png","type":"image","componentType":"resize_image","required":true,"editable":0,"extend":1,"default":"${image}","default2":"${image}","color_editable":false},{"name":"logo","cname":"商家logo","demo":"http://ms.bdimg.com/pacific/upload_0_1539662482607.png","type":"image","componentType":"resize_image","required":false,"editable":0,"extend":1,"default":"${logo}","default2":"${logo}","color_editable":false},{"name":"title1","cname":"活动","demo":"天猫全球双十一购物节","type":"text","required":true,"editable":0,"extend":1,"default":"天猫全球双十一购物节","default2":"天猫全球双十一购物节","color_editable":false},{"name":"title2","cname":"商品","demo":"SK-II补水保湿护肤套装","type":"text","required":true,"editable":0,"extend":1,"default":"${name}","default2":"${name}","color_editable":false},{"name":"title3","cname":"优惠","demo":"跨店抢 满299减120","type":"text","required":true,"editable":0,"extend":1,"default":"跨店抢 满299减120","default2":"跨店抢 满299减120","color_editable":false}],"product_count":1,"backgroundcolor":"white"}