{"width":"518","height":"292","components":[{"type":"image","nullable":false,"image":"upload_0_1540796040787.png","clip":false},{"type":"image","nullable":false,"image":"upload_0_1540797079510.png","clip":false},{"type":"resize_image","position":{"left":"0","top":"0","width":"114","height":"51"},"nullable":true,"imageparam":"logo","lazybgmask":false,"resizemethod":"auto"},{"type":"resize_image","position":{"left":"245","top":"32","width":"231","height":"231"},"nullable":true,"imageparam":"img","lazybgmask":false,"resizemethod":"auto"},{"type":"text","position":{"left":"10","top":"100","width":"225","height":"67"},"font":{"name":"PingFangSC-Bold","size":"48","color":"FFFFFF","delline":false},"alignment":{"vertical":"middle","horizontal":"left","maxlines":1,"inlinevertical":"middle"},"spans":[{"text":"{{.title1}}","submatch":0}]},{"type":"text","position":{"left":"10","top":"160","width":"225","height":"33"},"font":{"name":"PingFangSC-Regular","size":"24","color":"FFFFFF","delline":false},"alignment":{"vertical":"middle","horizontal":"left","maxlines":1,"inlinevertical":"middle"},"spans":[{"text":"{{.title2}}","submatch":0}]}],"params":[{"name":"logo","cname":"商家logo","demo":"http://ms.bdimg.com/pacific/upload_0_1539698602842.png","type":"image","componentType":"resize_image","required":false,"editable":0,"extend":1,"default":"${logo}","default2":"${logo}","color_editable":false},{"name":"img","cname":"商品图片","demo":"http://ms.bdimg.com/pacific/upload_0_1539774615190.png","type":"image","componentType":"resize_image","required":false,"editable":0,"extend":1,"default":"${image}","default2":"${image}","color_editable":false},{"name":"title1","cname":"活动","demo":"潮酷数码","type":"text","required":true,"editable":0,"extend":1,"default":"潮酷数码","default2":"潮酷数码","color_editable":false},{"name":"title2","cname":"优惠","demo":"国际大牌立即加购","type":"text","required":true,"editable":0,"extend":1,"default":"国际大牌立即加购","default2":"国际大牌立即加购","color_editable":false}],"product_count":1,"backgroundcolor":"white"}