{"width":"1140","height":"380","components":[{"type":"resize_image","position":{"left":"60","top":"50","width":"315","height":"315"},"nullable":false,"imageparam":"img","lazybgmask":false,"resizemethod":"clipper"},{"type":"image","nullable":false,"image":"upload_0_1539693746572.png","clip":false},{"type":"image","position":{"left":"474","top":"247","width":"550","height":"70"},"nullable":false,"image":"upload_0_1539692167253.png","clip":false},{"type":"resize_image","position":{"left":"20","top":"0","width":"100","height":"79"},"nullable":true,"imageparam":"logo","lazybgmask":false,"resizemethod":"auto"},{"type":"text","position":{"left":"420","top":"63","width":"660","height":"72"},"font":{"name":"PingFangSC-Bold","size":"66","color":"FFFFFF","delline":false},"alignment":{"vertical":"middle","horizontal":"center","maxlines":1,"inlinevertical":"middle"},"spans":[{"text":"{{.title1}}","submatch":0}]},{"type":"text","position":{"left":"414","top":"165","width":"672","height":"42"},"font":{"name":"PingFangSC-Regular","size":"42","color":"FFFFFF","delline":false},"alignment":{"vertical":"middle","horizontal":"center","maxlines":1,"inlinevertical":"middle"},"spans":[{"text":"{{.title2}}","submatch":0}]},{"type":"text","position":{"left":"500","top":"261","width":"496","height":"42"},"font":{"name":"PingFangSC-Bold","size":"42","color":"91B73E","delline":false},"alignment":{"vertical":"middle","horizontal":"center","maxlines":1,"inlinevertical":"middle"},"spans":[{"text":"{{.title3}}","submatch":0}]}],"params":[{"name":"img","cname":"商品图片","demo":"http://ms.bdimg.com/pacific/upload_0_1539693859489.png","type":"image","componentType":"resize_image","required":true,"editable":0,"extend":1,"default":"${image}","default2":"${image}","color_editable":false},{"name":"logo","cname":"商家logo","demo":"http://ms.bdimg.com/pacific/upload_0_1539662482607.png","type":"image","componentType":"resize_image","required":false,"editable":0,"extend":1,"default":"${logo}","default2":"${logo}","color_editable":false},{"name":"title1","cname":"活动","demo":"进口生鲜双十一购物节","type":"text","required":true,"editable":0,"extend":1,"default":"进口生鲜双十一购物节","default2":"进口生鲜双十一购物节","color_editable":false},{"name":"title2","cname":"商品","demo":"佳沛官方旗舰店新西兰绿奇异果礼盒","type":"text","required":true,"editable":0,"extend":1,"default":"${name}","default2":"${name}","color_editable":false},{"name":"title3","cname":"优惠","demo":"满199减80 满299减120","type":"text","required":true,"editable":0,"extend":1,"default":"满199减80 满299减120","default2":"满199减80 满299减120","color_editable":false}],"product_count":1,"backgroundcolor":"white"}