{"width":"1140","height":"380","palettes":[],"components":[{"type":"resize_image","position":{"right":"0","top":"0","width":"380","height":"380"},"nullable":true,"imageparam":"img","lazybgmask":false,"resizemethod":"auto"},{"type":"image","position":{"left":"0","top":"0","width":"1140","height":"380"},"nullable":false,"filters":[{"type":"picker","picker":"demo-picker"}],"image":"upload_0_1539327777002.png","clip":false},{"type":"text","position":{"left":"50","top":"75","width":"640","height":"66"},"font":{"name":"PingFangSC-Bold","size":"66","color":"333333","delline":false},"alignment":{"vertical":"middle","horizontal":"left","maxlines":1,"inlinevertical":"middle","lineheight":"66"},"spans":[{"text":"{{.title1}}","submatch":0}]},{"type":"text","position":{"left":"50","top":"171","width":"640","height":"36"},"font":{"name":"PingFangSC-Regular","size":"36","color":"333333","delline":false},"alignment":{"vertical":"middle","horizontal":"left","maxlines":1,"inlinevertical":"middle","lineheight":"36"},"spans":[{"text":"{{.title2}}","submatch":0}]},{"type":"text","position":{"left":"50","top":"233","width":"640","height":"66"},"font":{"name":"PingFangSC-Bold","size":"66","color":"333333","delline":false},"alignment":{"vertical":"bottom","horizontal":"left","maxlines":1,"inlinevertical":"bottom","lineheight":"66"},"spans":[{"font":{"name":"PingFangSC-Bold","size":"50","color":"333333","delline":false},"text":"￥","submatch":0},{"font":{"name":"PingFangSC-Bold","size":"66","color":"333333","delline":false},"text":"{{.title3}}","submatch":0}]}],"params":[{"name":"img","cname":"商品图片","demo":"http://ms.bdimg.com/pacific/upload_0_1539067407912.png","type":"image","componentType":"resize_image","required":true,"editable":0,"extend":1,"default":"${image}","default2":"${image}","color_editable":false},{"name":"title1","cname":"title1","demo":"厦门海通帆船出体验","type":"text","required":true,"editable":0,"extend":1,"default":"厦门海通帆船出体验","default2":"厦门海通帆船出体验","color_editable":false},{"name":"title2","cname":"title2","demo":"钻石纹理上盖 金属拉丝机身 匠银聚能","type":"text","required":true,"editable":0,"extend":1,"default":"钻石纹理上盖 金属拉丝机身 匠银聚能","default2":"钻石纹理上盖 金属拉丝机身 匠银聚能","color_editable":false},{"name":"title3","cname":"title3","demo":"100","type":"text","required":true,"editable":0,"extend":1,"default":"100","default2":"100","color_editable":false}],"colorpickers":[{"name":"demo-picker","imageparam":"img","mins":0.04,"minv":0.4,"strategy":2}],"product_count":0,"backgroundcolor":"white"}